adm2_id,adm1,adm2,adm2_type,adm2_center,adm2_geonameid,adm2_alternate,adm2_area,pop_1897_tot,pop_1897_tot_j,pop_1897_tot_o,pop_1897_tot_rc,pop_1897_tot_l,info,,
0101,Архангельская,Архангельский,уезд,Архангельск,NA,,26775.7,60957,250,58807,474,387,,,
0101,Архангельская,Кемский,уезд,Кемь,NA,,35675,35392,0,32983,12,130,,,
0101,Архангельская,Кольский,уезд,Кола ,NA,,13210,9291,0,7936,1,1245,In 1899 the center of adm2 was moved from Kola to Aleksandrovsk,,
0101,Архангельская,Мезенский,уезд,Мезень,NA,,94110,25029,0,24968,6,8,,,
0101,Архангельская,Онежский,уезд,Онега,NA,,25116.2,39337,0,39146,48,21,,,
0101,Архангельская,Печорский,уезд,Усть-Цильма,477940,,352771.8,34992,0,34065,11,3,,,
0101,Архангельская,Пинежский,уезд,Пинега,NA,,41815.9,28788,1,27626,18,5,,,
0101,Архангельская,Холмогорский,уезд,Холмогоры,NA,,14505.5,35991,0,35847,29,5,,,
0101,Архангельская,Шенкурский,уезд,Шенкурск,494884,,21779.1,76759,0,75910,22,3,,,
0201,Астраханская,Астраханский,уезд,Астрахань,NA,,6499,219760,2215,160727,1297,1650,,,
0201,Астраханская,Внутренняя Киргизская,орда,Ханская Ставка,NA,,70781,214796,0,1667,6,11,,,
0201,Астраханская,Енотаевский,уезд,Енотаевск,NA,,4852,76080,13,66188,40,8,,,
0201,Астраханская,Калмыцкая,степь,,NA,,67246,128573,8,5544,5,13,,,
0201,Астраханская,Красноярский,уезд,Красный Яр,NA,,9463,65995,10,28060,25,24,,,
0201,Астраханская,Царевский,уезд,Царёв,481090,,18964,198022,102,175975,97,2859,,,
0201,Астраханская,Черноярский,уезд,Чёрный Яр,NA,,11858,100316,375,90933,64,86,,,
0301,Бессарабская,Аккерманский,уезд,Аккерман ,NA,,7282.7,265247,12332,207985,2688,40104,,,
0301,Бессарабская,Бендерский,уезд,Бендеры ,NA,Ясский,5398.4,194915,16625,168283,2612,4431,"until March 6, 1887 — Yasskyi uyezd",,
0301,Бессарабская,Белецкий,уезд,Бельцы ,NA,,4871,211448,27304,179197,2597,1536,,,
0301,Бессарабская,Измаильский,уезд,Измаил ,707308,,8128,244274,11753,211638,745,4642,,,
0301,Бессарабская,Кишинёвский,уезд,Кишинёв ,618426,,3271.9,279657,54910,214891,4370,1976,,,
0301,Бессарабская,Оргеевский,уезд,Оргеев ,617638,,3632,213478,26699,184827,735,162,,,
0301,Бессарабская,Сорокский,уезд,Сороки ,NA,,4010.7,218861,31017,181540,2826,334,,,
0301,Бессарабская,Хотинский,уезд,Хотин ,706244,,3501.9,307532,47888,252638,3252,349,,,
0401,Виленская,Вилейский,уезд,Вилейка,NA,,5591.2,208013,19826,121491,65588,88,,,
0401,Виленская,Виленский,уезд,Вильна,NA,,5434.8,363313,79360,36462,237375,2561,,,
0401,Виленская,Дисненский,уезд,Дисна,629055,,5078.2,204923,20730,107953,66294,190,,,
0401,Виленская,Лидский,уезд,Лида,NA,,4926.1,205767,24813,51729,128456,96,,,
0401,Виленская,Ошмянский,уезд,Ошмяны,630515,,6050.1,233559,28244,71329,132505,91,,,
0401,Виленская,Свенцянский,уезд,Свенцяны,NA,"Завилейский, Švenčionių apskritis",4593.8,172231,12299,17002,134340,131,,,
0401,Виленская,Трокский,уезд,Троки,8251971,,5151.1,203401,19401,9242,170473,441,,,
0501,Витебская,Велижский,уезд,Велиж,475955,Веліжскі,3900,100079,9801,86680,1629,1608,,,
0501,Витебская,Витебский,уезд,Витебск,NA,Віцебскі,2861.1,177432,21492,107861,9872,3267,,,
0501,Витебская,Городокский,уезд,Городок,NA,Гарадоцкі,3107.1,111943,5245,104881,638,527,,,
0501,Витебская,Двинский,уезд,Двинск,NA,"Динабургский, Daugavpils apriņķis",3860.4,237023,47798,22547,117254,22347,,,
0501,Витебская,Дриссенский,уезд,Дрисса,NA,Дрысенскі,2568.9,97083,7021,60586,26709,521,,,
0501,Витебская,Лепельский,уезд,Лепель,NA,Бочейковский ,3401.6,156706,18110,123238,13680,778,,,
0501,Витебская,Люцинский,уезд,Люцин,NA,,4600.1,128155,6255,25157,81283,12214,,,
0501,Витебская,Невельский,уезд,Невель,NA,Невельскі ,3397.7,110394,8210,95582,829,423,,,
0501,Витебская,Полоцкий,уезд,Полоцк,NA,,4186.7,141841,17178,563718,14835,1611,,,
0501,Витебская,Режицкий,уезд,Режица,NA,,3581.9,136445,10152,4634,87332,2619,,,
0501,Витебская,Себежский,уезд,Себеж,NA,Себежскі,3184,92055,3502,83161,2878,224,,,
0601,Владимирская,Александровский,уезд,Александров,NA,,2886.8,100371,93,99356,128,82,,,
0601,Владимирская,Владимирский,уезд,Владимир,NA,,2402.5,160996,416,156331,912,180,,,
0601,Владимирская,Вязниковский,уезд,Вязники,NA,,3309.6,86352,26,84861,21,30,,,
0601,Владимирская,Гороховецкий,уезд,Гороховец,NA,,3817.7,92240,3,81526,9,9,,,
0601,Владимирская,Ковровский,уезд,Ковров,543460,,3427.5,109861,55,108946,57,43,,,
0601,Владимирская,Меленковский,уезд,Меленки,NA,,4617.8,142304,7,136193,32,16,,,
0601,Владимирская,Муромский,уезд,Муром,NA,,2229.8,122383,75,119453,50,61,,,
0601,Владимирская,Переславский,уезд,Переславль-Залесский,511359,,3178.7,87337,50,87196,32,17,,,
0601,Владимирская,Покровский,уезд,Покров,NA,,4142.2,158229,191,149600,76,30,,,
0601,Владимирская,Судогодский,уезд,Судогда,NA,,5099.9,96798,10,94306,22,34,,,
0601,Владимирская,Суздальский,уезд,Суздаль,NA,,2513.1,107708,7,107565,10,6,,,
0601,Владимирская,Шуйский,уезд,Шуя,NA,,2563.2,158483,246,155711,139,159,,,
0601,Владимирская,Юрьевский,уезд,Юрьев-Польский,466215,,2641,92629,26,92477,7,103,,,
0701,Вологодская,Вельский,уезд,Вельск,475938,,21251.5,102484,1,102443,31,2,,,
0701,Вологодская,Вологодский,уезд,Вологда,472459,,5506.1,172187,261,170871,193,177,,,
0701,Вологодская,Грязовецкий,уезд,Грязовец,558236,,6901.1,105438,5,104403,14,26,,,
0701,Вологодская,Кадниковский,уезд,Кадников,554554,,15249.5,188797,6,188439,22,25,,,
0701,Вологодская,Никольский,уезд,Никольск,NA,,32401.3,228383,48,228091,20,9,,,
0701,Вологодская,Сольвычегодский,уезд,Сольвычегодск,490743,,37276,117635,4,114728,32,3,,,
0701,Вологодская,Тотемский,уезд,Тотьма,481960,,20508,146819,1,145899,34,9,,,
0701,Вологодская,Усть-Сысольский,уезд,Усть-Сысольск,485239,,148775,89840,3,87732,23,1,,,
0701,Вологодская,Устюжский,уезд,Великий Устюг,476062,,14912,144370,74,144124,69,62,,,
0701,Вологодская,Яренский,уезд,Яренск,468983,,51000,45832,0,45547,5,0,,,
0801,Волынская,Владимир-Волынский,уезд,Владимир-Волынск ,NA,Владимирский,5695.8,277265,28934,199560,31679,16703,,,
0801,Волынская,Дубенский,уезд,Дубно ,NA,,3483,195058,22448,148103,16983,6769,,,
0801,Волынская,Житомирский,уезд,Житомир ,686967,,6740,433859,62200,265649,53062,41522,,,
0801,Волынская,Заславский,уезд,Заславль ,619066,Изяславский; Изяславльский,3055,208742,27762,157035,22176,1617,From 1910 — Izyaslavsky,,
0801,Волынская,Ковельский,уезд,Ковель ,704617,,6728,211493,25241,173171,9997,2755,,,
0801,Волынская,Кременецкий,уезд,Кременец ,NA,,3041,219934,26963,176432,15569,207,,,
0801,Волынская,Луцкий,уезд,Луцк ,702569,,6626,252550,35742,157910,26767,30656,,,
0801,Волынская,Новоград-Волынский,уезд,Новоград-Волынск ,NA,,6331,348950,54555,211682,42393,36217,,,
0801,Волынская,Овручский,уезд,Овруч ,698131,,9329,205390,21843,168041,11208,1660,,,
0801,Волынская,Острожский,уезд,Острог ,NA,,2694,169351,18323,131626,16441,2465,,,
0801,Волынская,Ровенский,уезд,Ровно ,NA,,7529,273001,44016,173884,29796,23317,,,
0801,Волынская,Староконстантиновский,уезд,Староконстантинов ,692818,,2249.8,193889,27755,143428,22039,102,,,
0901,Воронежская,Бирюченский,уезд,Бирюч,NA,,38662,200668,82,200195,50,27,,,
0901,Воронежская,Бобровский,уезд,Бобров,NA,,81597,286745,339,284813,242,114,,,
0901,Воронежская,Богучарский,уезд,Богучар,NA,,84985,309965,11,309002,55,27,,,
0901,Воронежская,Валуйский,уезд,Валуйки,NA,,40748,188113,96,184274,44,29,,,
0901,Воронежская,Воронежский,уезд,Воронеж,NA,,46420,273832,1707,266549,1339,694,,,
0901,Воронежская,Задонский,уезд,Задонск,465726,,21094,123184,35,123096,13,27,,,
0901,Воронежская,Землянский,уезд,Землянск,463690,,37807,200736,59,200567,82,22,,,
0901,Воронежская,Коротоякский,уезд,Коротояк,NA,,32681,157189,42,154815,32,12,,,
0901,Воронежская,Нижнедевицкий,уезд,Нижнедевицк,NA,,32884,167183,12,167119,37,10,,,
0901,Воронежская,Новохопёрский,уезд,Новохоперск,NA,,54187,192436,46,189148,68,87,,,
0901,Воронежская,Острогожский,уезд,Острогожск,514198,,71004,273837,174,272276,159,1122,,,
0901,Воронежская,Павловский,уезд,Павловск,NA,,36944,157365,194,156808,38,22,,,
1001,Вятская,Вятский,уезд,Вятка,NA,,5224.1,192208,190,190039,292,80,,,
1001,Вятская,Глазовский,уезд,Глазов,NA,,20967.6,368587,22,330037,35,12,,,
1001,Вятская,Елабужский,уезд,Елабуга,NA,,7419.6,241005,4,192507,32,31,,,
1001,Вятская,Котельничский,уезд,Котельнич,543737,,10066.6,276749,38,276590,20,11,,,
1001,Вятская,Малмыжский,уезд,Малмыж,NA,,14054.4,280427,0,212717,20,19,,,
1001,Вятская,Нолинский,уезд,Нолинск,520041,,5573.8,180707,6,171525,37,5,,,
1001,Вятская,Орловский,уезд,Орлов,NA,,12455.1,213479,0,204281,26,7,,,
1001,Вятская,Сарапульский,уезд,Сарапул,NA,,13108.1,408058,543,376770,172,224,,,
1001,Вятская,Слободской,уезд,Слободской,NA,,24092.2,213650,28,209017,80,9,,,
1001,Вятская,Уржумский,уезд,Уржум,NA,,10046.6,289188,9,259077,45,14,,,
1001,Вятская,Яранский,уезд,Яранск,NA,,11519.5,366773,40,364302,31,15,,,
1101,Гродненская,Брестский,уезд,Брест-Литовск,NA,,4289,218432,45728,155514,13803,2679,,,
1101,Гродненская,Белостокский,уезд,Белосток,NA,,2551.8,206615,59545,41619,97448,7265,,,
1101,Гродненская,Бельский,уезд,Бельск,NA,,3130.1,164441,24529,79380,59970,510,,,
1101,Гродненская,Волковысский,уезд,Волковыск,NA,,3351.4,148721,18470,86131,43432,449,,,
1101,Гродненская,Гродненский,уезд,Гродно,NA,,3747.2,204854,41027,105963,55794,736,,,
1101,Гродненская,Кобринский,уезд,Кобрин,627145,,4620.2,184453,25349,153397,5174,215,,,
1101,Гродненская,Пружанский,уезд,Пружаны,622997,,3659.4,139074,17825,109663,10928,389,,,
1101,Гродненская,Слонимский,уезд,Слоним,NA,,6261.1,226274,34515,167654,23388,146,,,
1101,Гродненская,Сокольский,уезд,Соколка,NA,,2290.6,110545,13501,20025,76582,152,,,
1201,Область Войска Донского,Первый Донской,округ,Константиновская ст.,NA,1-й Донской,15415.9,271790,1,245021,174,2309,,,
1201,Область Войска Донского,Второй Донской,округ,Нижне-Чирская ст.,NA,2-й Донской,23219.7,239055,3,178837,124,216,,,
1201,Область Войска Донского,Донецкий,округ,Каменская ст.,NA,,24659.3,455819,7,442139,247,1925,,,
1201,Область Войска Донского,Ростовский,округ,Ростов-на-Дону,501175,,6012,369732,12946,319809,2386,3882,,,
1201,Область Войска Донского,Сальский,округ,Великокняжеская ст.,NA,,18961,76297,4,45171,70,762,,,
1201,Область Войска Донского,Таганрогский,округ,Таганрог,484907,,12229.4,412995,2998,386197,5424,14476,,,
1201,Область Войска Донского,Усть-Медведицкий,округ,Усть-Медведицкая ст.,NA,,18082.6,246830,5,215454,985,3731,,,
1201,Область Войска Донского,Хопёрский,округ,Урюпинская,NA,,15861.4,251498,1,249346,74,676,,,
1201,Область Войска Донского,Черкасский,округ,Новочеркасск,NA,,9750.3,240222,13,232248,563,329,,,
1301,Екатеринославская,Александровский,уезд,Александровск,NA,,8966.8,271678,13969,242452,4005,7752,,,
1301,Екатеринославская,Бахмутский,уезд,Бахмут,NA,,8105.7,332478,13969,305630,4178,5507,,,
1301,Екатеринославская,Верхнеднепровский,уезд,Верхнеднепровск,689916,,6164.3,211674,5439,201192,911,1258,,,
1301,Екатеринославская,Екатеринославский,уезд,Екатеринослав,709930,,6611.4,357207,47631,278143,11415,6212,,,
1301,Екатеринославская,Мариупольский,уезд,Мариуполь,NA,,7899,254036,10672,222600,7790,11720,,,
1301,Екатеринославская,Новомосковский,уезд,Новомосковск,NA,,5739.3,260368,3617,252699,1042,2596,,,
1301,Екатеринославская,Павлоградский,уезд,Павлоград,697889,,7746.3,251460,7514,236816,1908,3702,,,
1301,Екатеринославская,Славяносербский,уезд,Луганск,NA,,4472.6,174753,2698,163732,905,780,,,
1401,Казанская,Казанский,уезд,Казань,NA,,5012.4,350719,1461,196898,1785,1194,,,
1401,Казанская,Козьмодемьянский,уезд,Козьмодемьянск,NA,,4610.7,105633,5,105152,21,14,,,
1401,Казанская,Лаишевский,уезд,Лаишев,NA,,5033.1,172460,11,107922,42,24,,,
1401,Казанская,Мамадышский,уезд,Мамадыш,NA,,4887.9,189795,10,72729,34,17,,,
1401,Казанская,Свияжский,уезд,Свияжск,485516,,2774.2,126603,0,83967,7,6,,,
1401,Казанская,Спасский,уезд,Спасск,NA,,5247.2,175198,6,120269,16,47,,,
1401,Казанская,Тетюшский,уезд,Тетюши,NA,,3480.2,185865,4,92071,18,3,,,
1401,Казанская,Царевококшайский,уезд,Царевококшайск,NA,,7118.4,112631,10,86612,25,7,,,
1401,Казанская,Цивильский,уезд,Цивильск,480851,,3044.9,164284,1,149153,9,5,,,
1401,Казанская,Чебоксарский,уезд,Чебоксары,NA,,3696.7,127273,20,123683,13,18,,,
1401,Казанская,Чистопольский,уезд,Чистополь,NA,,8167.2,305711,7,203705,32,48,,,
1401,Казанская,Ядринский,уезд,Ядрин,469809,,2881.9,154493,0,154436,12,1,,,
1501,Калужская,Боровский,уезд,Боровск,NA,,1462.7,53291,22,48589,11,7,,,
1501,Калужская,Жиздринский,уезд,Жиздра,462914,,6531.5,240347,220,226027,156,240,,,
1501,Калужская,Калужский,уезд,Калуга,NA,,1683,115321,757,106912,1577,293,,,
1501,Калужская,Козельский,уезд,Козельск,543348,,2344.6,124436,70,120905,20,27,,,
1501,Калужская,Лихвинский,уезд,Лихвин,NA,,1580.1,86888,3,86820,27,14,,,
1501,Калужская,Малоярославецкий,уезд,Малоярославец,530849,,1159.6,41022,9,38455,27,62,,,
1501,Калужская,Медынский,уезд,Медынь,527869,,3140.4,103945,37,96550,51,61,,,
1501,Калужская,Мещовский,уезд,Мещовск,527405,,2415.7,96477,77,93376,14,60,,,
1501,Калужская,Мосальский,уезд,Мосальск,525084,,3891.9,151928,256,149368,76,17,,,
1501,Калужская,Перемышльский,уезд,Перемышль,NA,,1529.6,61039,5,60751,13,15,,,
1501,Калужская,Тарусский,уезд,Таруса,484287,,1438.8,58149,13,57881,55,46,,,
1601,Киевская,Бердичевский,уезд,Бердичев ,712441,,2997.3,279695,65013,183934,28643,416,,,
1601,Киевская,Васильковский,уезд,Васильков ,NA,,3631,315823,38316,266356,9731,187,,,
1601,Киевская,Звенигородский,уезд,Звенигородка ,NA,,3044.8,274704,26677,245007,2065,160,,,
1601,Киевская,Каневский,уезд,Канев ,706900,,2864.3,268860,26213,240434,1395,82,,,
1601,Киевская,Киевский,уезд,Киев ,NA,,4968.3,541483,62173,445866,23039,5939,,,
1601,Киевская,Липовецкий,уезд,Липовец ,NA,,2540.6,211825,31777,173696,6137,49,,,
1601,Киевская,Радомысльский,уезд,Радомысль ,NA,,8436.4,315629,41506,247317,14801,6495,,,
1601,Киевская,Сквирский,уезд,Сквира ,693615,,3271.2,251257,31506,208962,10108,283,,,
1601,Киевская,Таращанский,уезд,Тараща ,691904,,2924.4,245752,23142,215418,5525,64,,,
1601,Киевская,Уманский,уезд,Умань ,NA,,3774.2,320744,37875,279107,3003,189,,,
1601,Киевская,Черкасский,уезд,Черкассы ,NA,,3448.7,307542,30317,272641,1495,302,,,
1601,Киевская,Чигиринский,уезд,Чигирин ,710473,,2876.7,225915,19536,204998,781,97,,,
1801,Костромская,Буйский,уезд,Буй,NA,,2771.1,70687,551,70469,19,10,,,
1801,Костромская,Варнавинский,уезд,Варнавин,8253108,,9430.4,122567,3,102079,8,14,,,
1801,Костромская,Ветлужский,уезд,Ветлуга,NA,,13181.5,120836,40,120711,20,19,,,
1801,Костромская,Галичский,уезд,Галич,NA,,4157.7,107609,54,107225,14,195,,,
1801,Костромская,Кинешемский,уезд,Кинешма,NA,,4432.9,143810,84,142302,30,57,,,
1801,Костромская,Кологривский,уезд,Кологрив,546282,,11398.3,109575,20,109481,24,15,,,
1801,Костромская,Костромской,уезд,Кострома,NA,,4255.5,181053,853,175045,605,174,,,
1801,Костромская,Макарьевский,уезд,Макарьев,NA,,10652.4,144571,16,134047,16,26,,,
1801,Костромская,Нерехтский,уезд,Нерехта,NA,,3464.2,149859,18,147579,55,23,,,
1801,Костромская,Солигаличский,уезд,Солигалич,491025,,3824.9,62543,2,62458,14,36,,,
1801,Костромская,Чухломской,уезд,Чухлома,NA,,3233.4,52407,6,52286,17,57,,,
1801,Костромская,Юрьевецкий,уезд,Юрьевец,NA,,3006.8,121498,51,120421,15,11,,,
1901,Курляндская,Бауский,уезд,Бауск,NA,Bauskas apriņķis,1843.3,50547,4055,313,4583,41490,,,
1901,Курляндская,Виндавский,уезд,Виндава,NA,Ventspils apriņķis,2747.3,48275,2386,2283,657,41463,,,
1901,Курляндская,Газенпотский,уезд,Газенпот,NA,Aizputes apriņķis,2202.5,53209,2121,298,8779,40491,,,
1901,Курляндская,Гольдингенский,уезд,Гольдинген,NA,Kuldīgas apriņķis,2840,66335,4358,958,1025,59554,,,
1901,Курляндская,Гробинский,уезд,Гробин,NA,Grobiņas apriņķis,1843.4,110878,11226,7950,14449,74760,,,
1901,Курляндская,Иллукстский,уезд,Иллукст,NA,Ilūkstes apriņķis,1952.3,66461,6383,5351,36444,11561,,,
1901,Курляндская,Добленский,уезд,Митава,NA,Dobeles apriņķis; Митавский,2501.8,101310,6878,5051,3555,84656,After 1897 adm2 name changed to Mitavskaya,,
1901,Курляндская,Тальсенский,уезд,Тальсен,NA,Talsu apriņķis,2768.9,61148,4116,1297,212,55007,,,
1901,Курляндская,Туккумский,уезд,Туккум,NA,Tukuma apriņķis,1988.2,51076,3006,371,494,47092,,,
1901,Курляндская,Фридрихштадтский,уезд,Фридрихштадт,NA,Jaunjelgavas apriņķis,3063.5,64795,6541,1213,4639,51466,,,
2001,Курская,Белгородский,уезд,Белгород ,NA,,2625.5,174299,527,172530,557,161,,,
2001,Курская,Грайворонский,уезд,Грайворон ,559034,,2693.2,177479,69,177170,156,32,,,
2001,Курская,Дмитриевский,уезд,Дмитриев ,NA,,2789.3,126758,195,125922,89,56,,,
2001,Курская,Корочанский,уезд,Короча ,NA,,2665.5,159024,94,157477,64,28,,,
2001,Курская,Курский,уезд,Курск ,NA,,2969.5,222808,1771,216777,1471,503,,,
2001,Курская,Льговский,уезд,Льгов ,NA,,2372.3,130039,119,127211,97,165,,,
2001,Курская,Новооскольский,уезд,Новый Оскол ,516931,,2810.8,157849,28,156310,46,26,,,
2001,Курская,Обоянский,уезд,Обоянь ,516400,,3394.4,181052,178,179725,100,80,,,
2001,Курская,Путивльский,уезд,Путивль ,696008,,2518.5,164133,658,163222,188,45,,,
2001,Курская,Рыльский,уезд,Рыльск ,695019,,2494.3,164368,313,162713,175,97,,,
2001,Курская,Старооскольский,уезд,Старый Оскол ,487928,,2735,146009,122,145735,60,30,,,
2001,Курская,Суджанский,уезд,Суджа ,NA,,2461.9,150263,90,148015,85,40,,,
2001,Курская,Тимский,уезд,Тим ,482986,,3016.9,141416,8,141338,34,23,,,
2001,Курская,Фатежский,уезд,Фатеж ,563300,,2371.4,125485,90,119188,40,17,,,
2001,Курская,Щигровский,уезд,Щигры ,NA,,2902.6,150030,93,146910,69,47,,,
2101,Лифляндская,Валкский,уезд,Валк,NA,,5298.7,120585,1385,6705,458,111940,,,
2101,Лифляндская,Венденский,уезд,Венден,2811278,,4953.7,124208,797,21485,580,101279,,,
2101,Лифляндская,Верроский,уезд,Верро,NA,,3744.2,97185,321,11731,57,85003,,,
2101,Лифляндская,Вольмарский,уезд,Вольмар,NA,,4358.1,112836,633,7963,97,104105,,,
2101,Лифляндская,Перновский,уезд,Пернов,NA,,4694.9,98123,404,30018,514,67081,,,
2101,Лифляндская,Рижский,уезд,Рига,NA,,5468.4,396101,23978,52627,28049,277789,,,
2101,Лифляндская,Юрьевский,уезд,Юрьев (Дерпт),NA,Дерптский,6276.7,190317,1826,21962,690,159539,Derptsky uyezd until 1893,,
2101,Лифляндская,Эзельский,уезд,Аренсбург,2959083,,2515.5,60263,48,23174,45,36975,,,
2101,Лифляндская,Феллинский,уезд,Феллин,NA,,4015.2,99747,291,12075,49,87305,,,
2201,Минская,Бобруйский,уезд,Бобруйск ,630468,,10721.1,255935,49708,182705,12668,1245,,,
2201,Минская,Борисовский,уезд,Борисов ,NA,,8904.9,238231,26822,174663,31870,476,,,
2201,Минская,Игуменский,уезд,Игумен ,NA,,8843.3,234792,28919,178669,24433,353,,,
2201,Минская,Минский,уезд,Минск ,NA,,4580.3,277149,65029,141963,67122,1300,,,
2201,Минская,Мозырский,уезд,Мозырь ,NA,,14196,181161,29508,141995,8782,672,,,
2201,Минская,Новогрудский,уезд,Новогрудок ,NA,,4538.9,247320,30482,188901,26647,295,,,
2201,Минская,Пинский,уезд,Пинск ,623549,,10427.5,230763,45119,174409,10489,571,,,
2201,Минская,Речицкий,уезд,Речица ,NA,,11087.5,221771,28522,184029,8455,348,,,
2201,Минская,Слуцкий,уезд,Слуцк ,NA,,6852.8,260499,40908,190930,27493,292,,,
2301,Могилёвская,Быховский,уезд,Быхов ,629447,,4105.8,124820,11352,110229,1993,997,,,
2301,Могилёвская,Гомельский,уезд,Гомель ,NA,,4719.4,224723,32392,173767,3221,288,,,
2301,Могилёвская,Горецкий,уезд,Горки ,NA,,2487,122559,16093,102475,3676,285,,,
2301,Могилёвская,Климовичский,уезд,Климовичи ,NA,,3711.4,143287,15415,126412,683,680,,,
2301,Могилёвская,Могилёвский,уезд,Могилёв ,NA,,3009.9,155740,34255,111725,8110,653,,,
2301,Могилёвская,Мстиславский,уезд,Мстиславль ,624889,,2220.4,103300,16733,85179,1350,33,,,
2301,Могилёвская,Оршанский,уезд,Орша ,NA,,4813.9,187068,22874,151154,9899,2893,,,
2301,Могилёвская,Рогачёвский,уезд,Рогачёв ,NA,,6546.1,224652,21879,193003,7779,159,,,
2301,Могилёвская,Сенненский,уезд,Сенно ,NA,,4268.8,161652,12544,134827,9265,405,,,
2301,Могилёвская,Чаусский,уезд,Чаусы ,NA,,2168,88686,7453,78057,2516,347,,,
2301,Могилёвская,Чериковский,уезд,Чериков ,629347,,4083.9,150277,12956,135333,1667,150,,,
2401,Московская,Богородский,уезд,Богородск ,NA,,3068.5,222341,65,171196,117,177,,,
2401,Московская,Бронницкий,уезд,Бронницы ,571557,,2051,130304,51,117750,72,31,,,
2401,Московская,Верейский,уезд,Верея ,NA,,1623.3,54074,10,51611,95,63,,,
2401,Московская,Волоколамский,уезд,Волоколамск ,472433,,2138,80984,1,79384,22,43,,,
2401,Московская,Дмитровский,уезд,Дмитров ,NA,,2974.6,119686,15,119040,70,96,,,
2401,Московская,Звенигородский,уезд,Звенигород ,NA,,2012.3,84375,105,83433,344,148,,,
2401,Московская,Клинский,уезд,Клин ,NA,,3095.9,115162,49,113534,60,146,,,
2401,Московская,Коломенский,уезд,Коломна ,546230,,1861.4,111927,151,106663,313,206,,,
2401,Московская,Можайский,уезд,Можайск ,524712,,1621.5,53967,9,52982,102,33,,,
2401,Московская,Московский,уезд,Москва ,NA,,2393,1203926,8050,1125563,15568,20206,,,
2401,Московская,Подольский,уезд,Подольск ,NA,,2160.4,86311,44,85247,308,138,,,
2401,Московская,Рузский,уезд,Руза ,NA,,1984.1,55522,10,55036,186,70,,,
2401,Московская,Серпуховский,уезд,Серпухов ,496527,,2252.4,112002,153,110706,413,80,,,
2501,Нижегородская,Ардатовский,уезд,Ардатов ,NA,,5288,141625,14,138205,147,93,,,
2501,Нижегородская,Арзамасский,уезд,Арзамас ,580724,,3307.1,138785,58,133140,17,16,,,
2501,Нижегородская,Балахнинский,уезд,Балахна ,NA,,3688.6,141694,62,123566,152,106,,,
2501,Нижегородская,Васильсурский,уезд,Васильсурск ,476732,,3365.9,127333,4,108676,17,9,,,
2501,Нижегородская,Горбатовский,уезд,Горбатов ,NA,,3190.1,134160,29,126399,22,14,,,
2501,Нижегородская,Княгининский,уезд,Княгинин ,NA,,2595.5,106191,16,98558,20,23,,,
2501,Нижегородская,Лукояновский,уезд,Лукоянов ,NA,,5127.5,193454,47,190216,23,40,,,
2501,Нижегородская,Макарьевский,уезд,Макарьев ,NA,,6568.2,108994,30,105718,38,15,,,
2501,Нижегородская,Нижегородский,уезд,Нижний Новгород ,520555,,3208.2,222033,2338,209474,998,776,,,
2501,Нижегородская,Семёновский,уезд,Семёнов ,NA,,5889.2,111388,1,84714,29,15,,,
2501,Нижегородская,Сергачский,уезд,Сергач ,496802,,2808.4,159117,18,130721,23,39,,,
2601,Новгородская,Боровичский,уезд,Боровичи ,NA,,9045.2,146368,184,145200,341,598,,,
2601,Новгородская,Белозерский,уезд,Белозерск ,577711,,13057.7,86906,116,86683,33,57,,,
2601,Новгородская,Валдайский,уезд,Валдай ,NA,,5772.7,95251,198,93656,163,489,,,
2601,Новгородская,Демянский,уезд,Демянск ,566629,,4322.9,79791,65,77843,22,727,,,
2601,Новгородская,Кирилловский,уезд,Кириллов ,NA,,12171.7,120004,62,119598,29,146,,,
2601,Новгородская,Крестецкий,уезд,Крестцы ,NA,,7878.2,104389,293,93727,368,2382,,,
2601,Новгородская,Новгородский,уезд,Новгород ,NA,,8803.4,185757,2031,171143,3104,7225,,,
2601,Новгородская,Старорусский,уезд,Старая Русса ,489088,,8379.5,191957,656,176170,577,543,,,
2601,Новгородская,Тихвинский,уезд,Тихвин ,483019,,16169.3,99367,136,96780,75,257,,,
2601,Новгородская,Устюженский,уезд,Устюжна ,477795,,11317.1,99737,16,98557,37,241,,,
2601,Новгородская,Череповецкий,уезд,Череповец ,569223,,7245.7,157495,45,153526,17,59,,,
2701,Олонецкая,Вытегорский,уезд,Вытегра ,469960,,10402.3,55998,172,55123,58,524,,,
2701,Олонецкая,Каргопольский,уезд,Каргополь ,NA,,19528.5,82346,13,80530,75,43,,,
2701,Олонецкая,Лодейнопольский,уезд,Лодейное Поле ,534560,,8566.4,46255,16,54631,34,270,,,
2701,Олонецкая,Олонецкий,уезд,Олонец ,515403,,8367.8,39990,5,39375,32,545,,,
2701,Олонецкая,Петрозаводский,уезд,Петрозаводск ,509820,,13585.7,79701,174,78008,157,796,,,
2701,Олонецкая,Повенецкий,уезд,Повенец ,505820,,35919.8,26381,23,25837,22,195,,,
2701,Олонецкая,Пудожский,уезд,Пудож ,504269,,18559.1,33472,0,33390,16,56,,,
2801,Оренбургская,Верхнеуральский,уезд,Верхнеуральск ,475463,,43768.5,223245,56,156192,109,174,,,
2801,Оренбургская,Оренбургский,уезд,Оренбург ,NA,,32691.1,555653,1285,422175,1779,2330,,,
2801,Оренбургская,Орский,уезд,Орск ,NA,,40806.5,206944,36,99173,79,60,,,
2801,Оренбургская,Троицкий,уезд,Троицк ,NA,,20551.1,201231,231,160658,183,282,,,
2801,Оренбургская,Челябинский,уезд,Челябинск ,1508291,,28893.7,413072,357,336674,647,172,,,
2901,Орловская,Болховский,уезд,Болхов ,NA,,2280.6,137649,57,137468,39,33,,,
2901,Орловская,Брянский,уезд,Брянск ,NA,,6062.3,203303,2170,198897,1301,526,,,
2901,Орловская,Дмитровский,уезд,Дмитровск ,NA,,2164.4,105168,109,104176,14,20,,,
2901,Орловская,Елецкий,уезд,Елец ,NA,,4331.8,280942,773,279550,317,205,,,
2901,Орловская,Карачевский,уезд,Карачев ,552920,,3163.2,135937,338,135052,345,112,,,
2901,Орловская,Кромской,уезд,Кромы ,NA,,1927,110029,118,106317,11,22,,,
2901,Орловская,Ливенский,уезд,Ливны ,NA,,4996.1,290192,277,289755,69,64,,,
2901,Орловская,Малоархангельский,уезд,Малоархангельск ,NA,,3290,175158,52,174740,51,38,,,
2901,Орловская,Мценский,уезд,Мценск ,524640,,2106.5,104200,48,104076,40,26,,,
2901,Орловская,Орловский,уезд,Орёл ,NA,,2717.5,208620,1728,203986,1628,705,,, 
2901,Орловская,Севский,уезд,Севск ,NA,,3502.9,152145,255,151771,76,26,,,
2901,Орловская,Трубчевский,уезд,Трубчевск ,NA,,4515.4,130455,378,129907,71,40,,,
3001,Пензенская,Городищенский,уезд,Городище ,NA,,6046.7,172602,21,167064,53,62,,,
3001,Пензенская,Инсарский,уезд,Инсар ,NA,,3983.2,178233,3,165082,44,22,,,
3001,Пензенская,Керенский,уезд,Керенск ,NA,,2376.5,106091,8,100871,25,65,,,
3001,Пензенская,Краснослободский,уезд,Краснослободск ,NA,,3640.4,174396,2,160000,14,11,,,
3001,Пензенская,Мокшанский,уезд,Мокшан ,NA,,2752.9,109052,4,104870,58,33,,,
3001,Пензенская,Наровчатский,уезд,Наровчат ,523415,,2295,118212,3,115891,30,18,,,
3001,Пензенская,Нижнеломовский,уезд,Нижний Ломов ,520574,,3174.9,153395,20,149581,37,83,,,
3001,Пензенская,Пензенский,уезд,Пенза ,NA,,2934.5,161983,430,158901,833,561,,,
3001,Пензенская,Саранский,уезд,Саранск ,498698,,2947.7,143130,37,130897,34,25,,,
3001,Пензенская,Чембарский,уезд,Чембар ,569469,,3977.3,153380,8,136702,33,33,,,
3101,Пермская,Верхотурский,уезд,Верхотурье,1487219,,5812.3,270866,100,251928,166,113,,,
3101,Пермская,Екатеринбургский,уезд,Екатеринбург,1486209,,24078.1,412296,323,381645,418,408,,,
3101,Пермская,Ирбитский,уезд,Ирбит,NA,,8888,159068,281,155758,79,53,,,
3101,Пермская,Камышловский,уезд,Камышлов,1504769,,13308.2,248128,76,241544,226,35,,,
3101,Пермская,Красноуфимский,уезд,Красноуфимск,542199,,21514.2,259165,37,195503,81,28,,,
3101,Пермская,Кунгурский,уезд,Кунгур,NA,,9992.6,136343,104,121842,59,21,,,
3101,Пермская,Осинский,уезд,Оса,NA,,16910.8,321774,5,219905,123,19,,,
3101,Пермская,Оханский,уезд,Оханск,516073,,12497.4,268390,30,214601,49,15,,,
3101,Пермская,Пермский,уезд,Пермь,511196,,23961.8,272967,1000,240188,1024,334,,,
3101,Пермская,Соликамский,уезд,Соликамск,491023,,25804.5,228845,36,222661,71,49,,,
3101,Пермская,Чердынский,уезд,Чердынь,NA,,62200.2,105791,20,98880,36,4,,,
3101,Пермская,Шадринский,уезд,Шадринск,NA,,15200.6,310669,63,252722,109,20,,,
3101,Симбирская,Алатырский,уезд,Алатырь ,NA,,4832.1,158188,132,150299,53,71,,,
3101,Симбирская,Ардатовский,уезд,Ардатов ,NA,,3972.7,189226,37,186894,10,18,,,
3101,Симбирская,Буинский,уезд,Буинск ,NA,,4758.4,182056,1,118469,25,5,,,
3101,Симбирская,Карсунский,уезд,Карсун ,552133,,6678.4,217087,17,203604,68,213,,,
3101,Симбирская,Курмышский,уезд,Курмыш ,NA,,3786.6,161647,11,137265,28,19,,,
3101,Симбирская,Сенгилеевский,уезд,Сенгилей ,497094,,5408.3,151726,5,140884,14,533,,,
3101,Симбирская,Симбирский,уезд,Симбирск ,NA,,6038.9,225873,269,198903,450,610,,,
3101,Симбирская,Сызранский,уезд,Сызрань ,484972,,8015.6,242045,124,222274,226,202,,,
3201,Подольская,Балтский,уезд,Балта ,NA,,6824.1,391018,53163,327159,7911,278,,,
3201,Подольская,Брацлавский,уезд,Брацлав ,711459,,2706.3,241868,28352,197431,13208,270,,,
3201,Подольская,Винницкий,уезд,Винница ,NA,,2619.3,248314,31033,185626,24903,339,,,
3201,Подольская,Гайсинский,уезд,Гайсин ,708901,,2972.7,248142,25759,216559,5134,181,,,
3201,Подольская,Каменец-Подольский,уезд,Каменец-Подольский ,NA,Каменецкий,2534.3,266350,37217,193044,35467,254,,,
3201,Подольская,Летичевский,уезд,Летичев ,NA,,2371.7,184478,24509,134558,22978,162,,,
3201,Подольская,Литинский,уезд,Литин ,NA,,2919,210502,24123,165131,19695,88,,,
3201,Подольская,Могилёвский,уезд,Могилёв-на-Днестре ,NA,Могилёв-Подольский,2413,227672,33297,174119,19605,165,,,
3201,Подольская,Ущицкий,уезд,Новая Ушица ,NA,Новоушицкий,2495.7,284253,32595,239364,9879,523,,,
3201,Подольская,Ольгопольский,уезд,Ольгополь ,NA,,3521.9,226091,27351,146765,51166,148,,,
3201,Подольская,Проскуровский,уезд,Проскуров ,706369,,2364.6,223312,25425,168624,26996,931,,,
3201,Подольская,Ямпольский,уезд,Ямполь ,NA,,3179.1,266300,27788,210117,25796,277,,,
3301,Полтавская,Гадячский,уезд,Гадяч ,709054,,2162.4,142806,3439,138970,100,29,,,
3301,Полтавская,Зеньковский,уезд,Зеньков ,687292,,1977.5,140304,1870,138340,51,19,,,
3301,Полтавская,Золотоношский,уезд,Золотоноша ,NA,,3888.6,227594,7714,219371,172,78,,,
3301,Полтавская,Кобелякский,уезд,Кобеляки ,705544,,3227.2,217875,3422,214206,146,37,,,
3301,Полтавская,Константиноградский,уезд,Константиноград ,NA,,5341.7,230310,2055,225327,1465,1187,,,
3301,Полтавская,Кременчугский,уезд,Кременчуг ,NA,,3013.2,244894,32318,209830,1289,471,,,
3301,Полтавская,Лохвицкий,уезд,Лохвица ,NA,,2320.5,150985,4660,146070,74,81,,,
3301,Полтавская,Лубенский,уезд,Лубны ,NA,,2059.6,136613,4562,131658,126,99,,,
3301,Полтавская,Миргородский,уезд,Миргород ,NA,,2336.7,157790,3090,154602,39,30,,,
3301,Полтавская,Переяславский,уезд,Переяслав ,NA,,3595.2,185306,9857,175151,157,44,,,
3301,Полтавская,Пирятинский,уезд,Пирятин ,697183,,2871.6,163505,6017,157139,82,44,,,
3301,Полтавская,Полтавский,уезд,Полтава ,NA,,2977.9,227795,11899,213547,1377,433,,,
3301,Полтавская,Прилукский,уезд,Прилуки ,NA,,2877.4,192502,8189,183982,124,91,,,
3301,Полтавская,Роменский,уезд,Ромны ,NA,,2285.2,186497,7880,177570,569,414,,,
3301,Полтавская,Хорольский,уезд,Хорол ,706289,,2909.3,173375,3972,168882,294,53,,,
3401,Псковская,Великолукский,уезд,Великие Луки ,NA,,4173.3,123779,1150,118311,695,1430,,,
3401,Псковская,Новоржевский,уезд,Новоржев ,518236,,3247.8,113769,502,105881,158,1362,,,
3401,Псковская,Опоческий,уезд,Опочка ,NA,,4069.9,135654,718,129448,431,906,,,
3401,Псковская,Островский,уезд,Остров ,NA,,4357,161877,895,155781,955,3541,,,
3401,Псковская,Порховский,уезд,Порхов ,506278,,6045.9,175853,457,150711,199,1912,,,
3401,Псковская,Псковский,уезд,Псков ,504341,,5142.2,226756,1530,208107,2347,9988,,,
3401,Псковская,Торопецкий,уезд,Торопец ,482042,,5222,96472,1637,91147,614,2986,,,
3401,Псковская,Холмский,уезд,Холм ,NA,,5713.2,88157,473,83330,125,3870,,,
3501,Рязанская,Данковский,уезд,Данков ,567109,,2204.4,105746,33,105490,28,16,,,
3501,Рязанская,Егорьевский,уезд,Егорьевск ,468250,,3471.4,153299,215,146595,184,49,,,
3501,Рязанская,Зарайский,уезд,Зарайск ,464687,,2398.8,114834,86,113180,193,142,,,
3501,Рязанская,Касимовский,уезд,Касимов ,NA,,4991.5,167247,55,162175,53,17,,,
3501,Рязанская,Михайловский,уезд,Михайлов ,NA,,2579.1,151709,7,151482,12,25,,,
3501,Рязанская,Пронский,уезд,Пронск ,NA,,2113.4,109755,26,107835,15,64,,,
3501,Рязанская,Раненбургский,уезд,Раненбург ,NA,,2701.7,152691,22,152133,24,25,,,
3501,Рязанская,Ряжский,уезд,Ряжск ,500047,,2562.3,138854,67,138573,50,55,,,
3501,Рязанская,Рязанский,уезд,Рязань ,NA,,3897.9,212683,749,207039,956,214,,,
3501,Рязанская,Сапожковский,уезд,Сапожок ,NA,,3653.2,161720,34,160517,28,27,,,
3501,Рязанская,Скопинский,уезд,Скопин ,492376,,2434.8,176682,251,175821,363,51,,,
3501,Рязанская,Спасский,уезд,Спасск ,NA,,3836.2,156976,69,155438,21,32,,,
3601,Самарская,Бугульминский,уезд,Бугульма ,NA,,10803.1,299884,24,157809,28,99,,,
3601,Самарская,Бугурусланский,уезд,Бугуруслан ,571159,,17068.7,405994,117,348399,163,86,,,
3601,Самарская,Бузулукский,уезд,Бузулук ,NA,,22427,492952,848,461872,261,324,,,
3601,Самарская,Николаевский,уезд,Николаевск ,521874,,28196.9,494736,114,375791,15028,44738,,,
3601,Самарская,Новоузенский,уезд,Новоузенск ,517739,,34585.9,417376,106,231679,39835,105786,,,
3601,Самарская,Самарский,уезд,Самара ,NA,,13155.4,357018,1364,313645,2108,4916,,,
3601,Самарская,Ставропольский,уезд,Ставрополь на Волге ,NA,,10476.5,283376,40,238531,62,163,,,
3701,Санкт-Петербургская,Гдовский,уезд,Гдов,561679,,7741.3,145573,80,129413,99,12,,,
3701,Санкт-Петербургская,Лужский,уезд,Луга,NA,,8956.2,133466,556,121583,1429,19,,,
3701,Санкт-Петербургская,Новоладожский,уезд,Новая Ладога,519630,,7651.1,87841,115,81361,84,1,,,
3701,Санкт-Петербургская,Петергофский,уезд,Петергоф,510291,,2409.8,140547,1314,100931,3462,51,,,
3701,Санкт-Петербургская,Санкт-Петербургский,уезд,Санкт-Петербург,NA,,1734.4,1317885,17345,1111150,54357,3851,,,
3701,Санкт-Петербургская,Царскосельский,уезд,Царское Село,NA,,3781.8,149845,895,98304,4178,73,,,
3701,Санкт-Петербургская,Шлиссельбургский,уезд,Шлиссельбург,493970,,3401.2,54904,179,30947,497,15,,,
3701,Санкт-Петербургская,Ямбургский,уезд,Ямбург,1486453,,3527.4,81972,638,54458,1365,13,,,
3801,Саратовская,Аткарский,уезд,Аткарск ,580420,,10999.8,289813,75,264083,182,14157,,,
3801,Саратовская,Балашовский,уезд,Балашов ,NA,,10440.9,311704,126,305079,149,327,,,
3801,Саратовская,Вольский,уезд,Вольск ,NA,,4939,184561,77,158978,210,954,,,
3801,Саратовская,Камышинский,уезд,Камышин ,NA,,10911.5,307493,34,175975,29782,59645,,,
3801,Саратовская,Кузнецкий,уезд,Кузнецк ,NA,,4627.5,178356,11,138463,91,75,,,
3801,Саратовская,Петровский,уезд,Петровск ,NA,,6509.6,222070,35,202772,81,470,,,
3801,Саратовская,Саратовский,уезд,Саратов ,498677,,7018.2,332860,1489,288911,3646,17801,,,
3801,Саратовская,Сердобский,уезд,Сердобск ,496934,,6477.4,224782,19,217255,97,165,,,
3801,Саратовская,Хвалынский,уезд,Хвалынск ,548982,,5525.6,192718,39,123090,27,92,,,
3801,Саратовская,Царицынский,уезд,Царицын ,472757,,6795.3,161472,1048,147911,437,3272,,,
4001,Смоленская,Бельский,уезд,Белый ,NA,,9674.8,165159,560,162010,121,443,,,
4001,Смоленская,Вяземский,уезд,Вязьма ,NA,,2722.7,105502,546,103724,770,276,,,
4001,Смоленская,Гжатский,уезд,Гжатск ,1506021,,3447.9,98266,85,89986,273,138,,,
4001,Смоленская,Дорогобужский,уезд,Дорогобуж ,NA,,3357.5,104730,247,104194,144,125,,,
4001,Смоленская,Духовщинский,уезд,Духовщина ,NA,,3709.2,124286,390,122711,664,440,,,
4001,Смоленская,Ельнинский,уезд,Ельня ,NA,,4319,137864,515,137014,124,201,,,
4001,Смоленская,Краснинский,уезд,Красный ,NA,,2403.8,102257,689,101007,469,82,,,
4001,Смоленская,Поречский,уезд,Поречье ,NA,,5096.8,131936,843,129883,475,727,,,
4001,Смоленская,Рославльский,уезд,Рославль ,NA,,5503.6,188244,2412,184246,1005,528,,,
4001,Смоленская,Смоленский,уезд,Смоленск ,491687,,2824.2,145155,4619,134542,4330,1208,,,
4001,Смоленская,Сычёвский,уезд,Сычёвка ,NA,,2558.9,100737,82,90464,79,88,,,
4001,Смоленская,Юхновский,уезд,Юхнов ,466658,,3593.8,121143,84,120329,33,47,,,
4101,Таврическая,Бердянский,уезд,Бердянск ,712451,,7702,304718,9171,259878,1335,4084,,,
4101,Таврическая,Днепровский,уезд,Алёшки ,NA,,11470.5,212241,6343,200535,3435,1196,,,
4101,Таврическая,Евпаторийский,уезд,Евпатория ,688105,,5040.2,63211,1658,25424,1307,5159,,,
4101,Таврическая,Мелитопольский,уезд,Мелитополь ,NA,,11639.7,384239,16533,339838,9335,12488,,,
4101,Таврическая,Перекопский,уезд,Перекоп ,NA,,5111.9,51393,1341,22928,2903,8270,,,
4101,Таврическая,Симферопольский,уезд,Симферополь ,NA,,4153.9,141717,12358,56820,3908,4082,,,
4101,Таврическая,Ялтинский,уезд,Ялта ,NA,,1465,73260,1177,25915,752,457,,,
4101,Таврическая,Феодосийский,уезд,Феодосия ,709161,,6060.3,115858,3320,58677,1281,4612,,,
4101,Таврическая,Керчь-Еникалийское,градоначальство,Керчь ,706524,,143.9,43698,4918,33330,1904,391,,,
4101,Таврическая,Севастопольское,градоначальство,Севастополь ,NA,,266.4,57455,3930,46393,3233,1015,,,
4201,Ковенская,Вилькомирский,уезд,Вилькомир,NA,Ukmergės apskritis,5145.5,229118,30153,4271,188821,460,,,
4201,Ковенская,Ковенский,уезд,Ковно,NA,Kauno apskritis,3534.2,227431,45353,21386,147571,5363,,,
4201,Ковенская,Новоалександровский,уезд,Новоалександровск,NA,"Novoaleksandrovsko apskritis, Браславский",4769.2,208487,26463,4472,152284,4065,,,
4201,Ковенская,Поневежский,уезд,Поневеж,NA,Panevėžio apskritis,5451.5,222881,27207,3461,171698,11018,,,
4201,Ковенская,Россиенский,уезд,Россиены,NA,Raseinių apskritis,5689,235382,26447,5307,184774,18237,,,
4201,Ковенская,Тельшевский,уезд,Тельши,NA,Panevėžio apskritis,4654,183351,22695,2682,151655,5754,,,
4201,Ковенская,Шавельский,уезд,Шавли,NA,Šiaulių apskritis,6072.1,237934,34348,4935,183500,13648,,,
4201,Тамбовская,Борисоглебский,уезд,Борисоглебск ,NA,,6515.7,306715,375,304216,208,137,,,
4201,Тамбовская,Елатомский,уезд,Елатьма ,468030,,3570.8,141027,16,134173,73,52,,,
4201,Тамбовская,Кирсановский,уезд,Кирсанов ,NA,,6033.6,263102,275,261382,142,49,,,
4201,Тамбовская,Козловский,уезд,Козлов ,NA,,5888.6,337603,227,336359,311,185,,,
4201,Тамбовская,Лебедянский,уезд,Лебедянь ,536518,,2939,144822,55,144377,41,27,,,
4201,Тамбовская,Липецкий,уезд,Липецк ,535121,,2940.1,164350,214,163848,143,64,,,
4201,Тамбовская,Моршанский,уезд,Моршанск ,525138,,5910.8,270392,237,267652,377,241,,,
4201,Тамбовская,Спасский,уезд,Спасск ,NA,,3573,121366,14,117191,36,28,,,
4201,Тамбовская,Тамбовский,уезд,Тамбов ,484646,,8511.4,422498,586,412058,758,453,,,
4201,Тамбовская,Темниковский,уезд,Темников ,483684,,4701,138350,1,132093,25,17,,,
4201,Тамбовская,Усманский,уезд,Усмань ,NA,,4125.8,209910,166,209629,50,39,,,
4201,Тамбовская,Шацкий,уезд,Шацк ,NA,,3800.7,163895,79,161459,29,83,,,
4301,Тверская,Бежецкий,уезд,Бежецк ,576566,,7371.5,247952,85,247517,57,86,,,
4301,Тверская,Весьегонский,уезд,Весьегонск ,473943,,6171.1,155431,3,154229,29,47,,,
4301,Тверская,Вышневолоцкий,уезд,Вышний Волочек ,470252,,8149.4,179141,341,175811,138,1035,,,
4301,Тверская,Зубцовский,уезд,Зубцов ,462008,,2610.2,103109,3,101445,25,29,,,
4301,Тверская,Калязинский,уезд,Калязин ,553884,,2703.7,111807,1,110991,43,17,,,
4301,Тверская,Кашинский,уезд,Кашин ,NA,,2622.5,119510,6,119062,35,36,,,
4301,Тверская,Корчевской,уезд,Корчева ,NA,,3810.9,119009,6,117074,68,61,,,
4301,Тверская,Новоторжский,уезд,Торжок ,481985,,4602.4,146178,88,144199,71,180,,,
4301,Тверская,Осташковский,уезд,Осташков ,514259,,7623.6,130161,51,129341,39,679,,,
4301,Тверская,Ржевский,уезд,Ржев ,499717,,3713.9,143789,98,136910,258,162,,,
4301,Тверская,Старицкий,уезд,Старица ,NA,,3963.1,146143,68,145724,47,109,,,
4301,Тверская,Тверской,уезд,Тверь ,480060,,3494.7,166905,712,164387,957,477,,,
4401,Тульская,Алексинский,уезд,Алексин,582750,,1742.8,73001,70,72450,20,36,,,
4401,Тульская,Богородицкий,уезд,Богородицк,575591,,2745.1,155403,83,155141,99,60,,,
4401,Тульская,Белёвский,уезд,Белёв,578091,,1532.9,78289,23,78119,22,26,,,
4401,Тульская,Венёвский,уезд,Венёв,475881,,2201.3,104228,47,104034,15,47,,,
4401,Тульская,Епифанский,уезд,Епифань,NA,,2093.6,114670,16,114596,18,32,,,
4401,Тульская,Ефремовский,уезд,Ефремов,NA,,3624.1,171081,147,170823,79,28,,,
4401,Тульская,Каширский,уезд,Кашира,NA,,1723.3,66535,24,66299,15,36,,,
4401,Тульская,Крапивенский,уезд,Крапивна,NA,,1923.2,102926,48,102723,42,54,,,
4401,Тульская,Новосильский,уезд,Новосиль,517947,,2889.8,143292,45,143164,32,40,,,
4401,Тульская,Одоевский,уезд,Одоев,516197,,2012,91166,19,91091,23,15,,,
4401,Тульская,Тульский,уезд,Тула,NA,,2097.7,211059,2331,206232,812,504,,,
4401,Тульская,Чернский,уезд,Чернь,NA,,2618.6,107806,15,107641,47,88,,,
4501,Уфимская,Белебеевский,уезд,Белебей,578120,,19474.6,433179,98,132229,194,747,,,
4501,Уфимская,Бирский,уезд,Бирск,576317,,21629.5,497696,28,152806,55,194,,,
4501,Уфимская,Златоустовский,уезд,Златоуст,NA,,19306.5,185498,62,117505,191,162,,,
4501,Уфимская,Мензелинский,уезд,Мензелинск,NA,,11640.6,379981,23,161431,39,18,,,
4501,Уфимская,Стерлитамакский,уезд,Стерлитамак,NA,,18690.6,327382,82,165308,116,1598,,,
4501,Уфимская,Уфимский,уезд,Уфа,NA,,16407.9,372906,429,232448,693,1763,,,
4701,Херсонская,Александрийский,уезд,Александрия,NA,,8620.6,416576,15414,388068,1758,521,,,
4701,Херсонская,Ананьевский,уезд,Ананьев,NA,,7945.1,265762,22180,229638,8590,3017,,,
4701,Херсонская,Елисаветградский,уезд,Елисаветград,NA,,13962.2,613283,58301,541151,6430,2306,,,
4701,Херсонская,Одесский,уезд,Одесса,NA,,8567.3,610042,148574,366295,58231,24836,,,
4701,Херсонская,Тираспольский,уезд,Тирасполь,NA,,6300.9,240145,23800,180375,7996,16035,,,
4701,Херсонская,Херсонский,уезд,Херсон,NA,,16817.1,587804,71641,485552,12222,9842,,,
4801,Харьковская,Ахтырский,уезд,Ахтырка,NA,,2441.6,161243,397,160236,254,177,,,
4801,Харьковская,Богодуховский,уезд,Богодухов,711894,,2767.4,159806,116,159025,173,120,,,
4801,Харьковская,Валковский,уезд,Валки,NA,,2143.4,144322,43,143784,201,97,,,
4801,Харьковская,Волчанский,уезд,Волчанск,NA,,3503.9,166787,65,164634,53,164,,,
4801,Харьковская,Змиевской,уезд,Змиев,686928,,4892.6,231491,254,228924,258,476,,,
4801,Харьковская,Изюмский,уезд,Изюм,707292,,6790.7,280474,424,275320,1504,1529,,,
4801,Харьковская,Купянский,уезд,Купянск,703656,,6070.1,234182,97,232608,157,47,,,
4801,Харьковская,Лебединский,уезд,Лебедин,NA,,2723.1,178144,318,177564,195,56,,,
4801,Харьковская,Старобельский,уезд,Старобельск,692832,,10846.2,359285,100,357506,331,713,,,
4801,Харьковская,Сумской,уезд,Сумы,NA,,2800.7,228094,616,225559,516,417,,,
4801,Харьковская,Харьковский,уезд,Харьков,NA,,2905.1,348488,10853,327132,4863,2646,,,
4801,Черниговская,Борзнянский,уезд,Борзна,711536,,2463.7,146595,3595,138489,1347,3105,,,
4801,Черниговская,Глуховский,уезд,Глухов,NA,,2716.6,142661,5541,136591,204,53,,,
4801,Черниговская,Городнянский,уезд,Городня,NA,,3528,153040,7058,139159,583,88,,,
4801,Черниговская,Козелецкий,уезд,Козелец,NA,,2727,135129,4710,129879,222,39,,,
4801,Черниговская,Конотопский,уезд,Конотоп,NA,,2118.3,156535,7655,148131,498,125,,,
4801,Черниговская,Кролевецкий,уезд,Кролевец,704000,,2366.7,131089,3914,127097,52,5,,,
4801,Черниговская,Мглинский,уезд,Мглин,527217,,3319.5,139343,10171,128074,105,40,,,
4801,Черниговская,Нежинский,уезд,Нежин,NA,,3417.3,146236,6477,139540,122,36,,,
4801,Черниговская,Новгород-Северский,уезд,Новгород-Северск,NA,,3354.9,164840,8965,134984,223,66,,,
4801,Черниговская,Новозыбковский,уезд,Новозыбков,517269,,2510.5,168718,10087,157950,418,94,,,
4801,Черниговская,Остерский,уезд,Остер,NA,,3991.4,150358,6355,143347,263,73,,,
4801,Черниговская,Сосницкий,уезд,Сосница,NA,,3775.9,170057,7614,161837,290,31,,,
4801,Черниговская,Стародубский,уезд,Стародуб,NA,,2892,144833,10059,127008,106,36,,,
4801,Черниговская,Суражский,уезд,Сураж,NA,,3634.8,186297,9955,168115,264,137,,,
4801,Черниговская,Черниговский,уезд,Чернигов,710735,,3226.7,162123,12296,148823,471,146,,,
4901,Эстляндская,Везенбергский,уезд,Везенберг,NA,,6097.5,120230,119,9671,288,109892,,,
4901,Эстляндская,Вейсенштейнский,уезд,Вейсенштейн,NA,,2522.9,52673,39,1280,55,51240,,,
4901,Эстляндская,Гапсальский,уезд,Гапсаль,NA,,4128,82077,19,10799,37,70631,,,
4901,Эстляндская,Ревельский,уезд,Ревель,NA,,5043.3,157736,1226,16067,1654,138342,,,
5001,Ярославская,Даниловский,уезд,Данилов,NA,,1885.1,70740,44,69027,40,84,,,
5001,Ярославская,Любимский,уезд,Любим,532600,,2731.3,65230,10,63986,17,9,,,
5001,Ярославская,Мологский,уезд,Молога,525528,,4437.6,117696,19,117516,16,47,,,
5001,Ярославская,Мышкинский,уезд,Мышкин,NA,,2164.3,87030,16,86873,11,66,,,
5001,Ярославская,Пошехонский,уезд,Пошехонье,506029,,5234.3,110912,21,108764,27,82,,,
5001,Ярославская,Романов-Борисоглебский,уезд,Романов-Борисоглебск,NA,,2637.3,75268,18,72808,23,70,,,
5001,Ярославская,Ростовский,уезд,Ростов,501183,,3745.3,148970,145,148327,225,120,,,
5001,Ярославская,Рыбинский,уезд,Рыбинск,NA,,2366.4,92905,373,91095,295,338,,,
5001,Ярославская,Угличский,уезд,Углич,479532,,3037.8,94573,53,94278,19,40,,,
5001,Ярославская,Ярославский,уезд,Ярославль,NA,,2988,208031,1029,203988,996,416,,,
5101,Варшавская,Блонский,уезд,Блоня ,NA,,948.5,104776,11744,723,85711,5779,,,
5101,Варшавская,Варшавский,уезд,Варшава ,NA,,1317.3,826780,233130,70742,488785,30305,,,
5101,Варшавская,Влоцлавский,уезд,Влоцлавск ,NA,,1143.7,96611,9266,1760,77094,8419,,,
5101,Варшавская,Гостынский,уезд,Гостынин ,3098619,,1053.7,81335,5709,1187,63319,11028,,,
5101,Варшавская,Гроецкий,уезд,Гройцы ,NA,,1467.4,108351,15847,1424,87610,3408,,,
5101,Варшавская,Кутновский,уезд,Кутно ,3094170,,804.5,82499,9398,926,69892,2258,,,
5101,Варшавская,Ловичский,уезд,Лович ,3093066,,1060.2,82686,5148,2454,73091,1546,,,
5101,Варшавская,Нешавский,уезд,Нешава ,3090907,,1125.4,79507,3005,1348,66655,8388,,,
5101,Варшавская,Новоминский,уезд,Ново-Минск ,NA,,1200.4,94471,17021,3790,71747,1679,,,
5101,Варшавская,Плонский,уезд,Плонск ,NA,,1258.7,91360,10148,9643,67632,3308,,,
5101,Варшавская,Пултуский,уезд,Пултуск ,NA,,1340.7,103450,16234,6134,78432,2356,,,
5101,Варшавская,Радиминский,уезд,Радимин ,NA,,1036.3,63092,6394,414,54258,1998,,,
5101,Варшавская,Скерневицкий,уезд,Скерневицы ,NA,,670.5,52622,3593,2762,44654,1525,,,
5101,Варшавская,Сохачевский,уезд,Сохачев ,758682,,931.9,64327,5205,370,52301,6315,,,
5201,Калишская,Велюнский,уезд,Велюн ,NA,,1846.6,143585,11297,2062,127557,2461,,,
5201,Калишская,Калишский,уезд,Калиш ,3096880,,1257.5,123013,11704,3195,97557,10619,,,
5201,Калишская,Кольский,уезд,Коло ,NA,,1116.2,95913,8761,397,77325,9391,,,
5201,Калишская,Конинский,уезд,Конин ,NA,,982.2,83855,4351,902,69690,8791,,,
5201,Калишская,Ленчицкий,уезд,Ленчица,NA,,1156.1,100992,13025,660,80597,6685,,,
5201,Калишская,Серадзский,уезд,Серадз ,3085978,,1352.9,123721,3361,1013,66899,11418,,,
5201,Калишская,Слупецкий,уезд,Слупца,NA,,1046.3,82721,14271,502,101307,7319,,,
5201,Калишская,Турекский,уезд,Турек ,NA,,1203.5,86797,4887,116,76433,5294,,,
5301,Келецкая,Андреевский,уезд,Андреев ,NA,,1115.8,78889,8102,458,70172,142,,,
5301,Келецкая,Влощовский,уезд,Влощов ,NA,,1218,74437,7428,138,66347,507,,,
5301,Келецкая,Келецкий,уезд,Кельцы ,551152,,1676.5,142754,18382,3798,119323,1013,,,
5301,Келецкая,Меховской,уезд,Мехов ,NA,,1204.4,114410,5808,1710,106769,87,,,
5301,Келецкая,Олькушский,уезд,Олькуш ,3090146,,1235.4,113540,11375,1045,100955,148,,,
5301,Келецкая,Пинчовский,уезд,Пинчов ,NA,,1014.2,107495,13716,1204,92522,32,,,
5301,Келецкая,Стопницкий,уезд,Стопница ,7531876,,1404.3,130470,18410,949,110481,600,,,
5401,Ломжинская,Кольненский,уезд,Кольно ,NA,,1343.7,73686,9183,599,63408,457,,,
5401,Ломжинская,Ломжинский,уезд,Ломжа ,NA,,1589.5,117542,21585,12374,80849,2181,,,
5401,Ломжинская,Мазовецкий,уезд,Мазовецк ,NA,,1246.3,72431,11480,856,59855,221,,,
5401,Ломжинская,Маковский,уезд,Маков ,585604,,1012.8,62628,9454,1192,51410,517,,,
5401,Ломжинская,Островский,уезд,Острув ,7531330,,1375,98691,17290,5848,72433,2940,,,
5401,Ломжинская,Остроленский,уезд,Остроленка ,762909,,1424.2,88486,10550,7361,69555,770,,,
5401,Ломжинская,Щучинский,уезд,Щучин ,NA,,1274.4,66128,11852,3381,49354,1263,,,
5501,Люблинская,Белгорайский,уезд,Белгорай ,NA,,1500.8,96332,8958,31371,55927,38,,,
5501,Люблинская,Грубешовский,уезд,Грубешов ,7532209,,1291.3,101392,14778,56058,29666,843,,,
5501,Люблинская,Замостский,уезд,Замостье ,NA,,1569.6,119783,14751,24224,80685,48,,,
5501,Люблинская,Красноставский,уезд,Красностав ,NA,,1329.3,100655,11007,10828,78552,231,,,
5501,Люблинская,Любартовский,уезд,Любартов ,NA,,1200.4,86894,10040,2320,70614,3564,,,
5501,Люблинская,Люблинский,уезд,Люблин ,NA,,1601.3,156732,32516,6690,114184,2671,,,
5501,Люблинская,Ново-Александрийский,уезд,Ново-Александрия ,NA,,1491.9,145362,24080,12402,106859,1714,,,
5501,Люблинская,Томашевский,уезд,Томашев ,NA,,1213.4,98783,10933,44715,42944,65,,,
5501,Люблинская,Холмский,уезд,Холм ,NA,,1865.9,137585,17486,54485,47849,17148,,,
5501,Люблинская,Яновский,уезд,Янов ,NA,,1725.5,117144,11672,4968,99672,608,,,
5601,Петроковская,Бендинский,уезд,Бендин ,NA,,1200.6,244433,27145,3161,211901,2083,,,
5601,Петроковская,Брезинский,уезд,Брезины ,NA,,981.6,99625,19369,1393,64750,14081,,,
5601,Петроковская,Лаский,уезд,Ласк ,NA,,1232.7,117685,12772,315,89144,13167,,,
5601,Петроковская,Лодзинский,уезд,Лодзь ,3093133,,825.1,430305,107491,7148,230801,83666,,,
5601,Петроковская,Новорадомский,уезд,Новорадомск ,NA,,1856.8,129839,10670,775,115148,3166,,,
5601,Петроковская,Петроковский,уезд,Петроков ,NA,,1834.3,153687,18577,3591,119900,11066,,,
5601,Петроковская,Равский,уезд,Рава ,589086,,1141.4,69573,7228,882,58764,2665,,,
5601,Петроковская,Ченстоховский,уезд,Ченстохов ,NA,,1690.9,158754,19306,4986,132792,1504,,,
5701,Плоцкая,Липновский,уезд,Липно ,NA,,1468.7,88533,4941,1124,65397,16723,,,
5701,Плоцкая,Млавский,уезд,Млава ,764634,,1307.2,88435,7998,2684,76123,1375,,,
5701,Плоцкая,Плоцкий,уезд,Плоцк ,3088825,,1161.4,99910,13605,5271,125340,5559,,,
5701,Плоцкая,Праснышский,уезд,Прасныш ,NA,,1228,66897,6756,2228,57537,322,,,
5701,Плоцкая,Рыпинский,уезд,Рыпин ,3086511,,1085.9,69930,4367,1896,55680,7886,,,
5701,Плоцкая,Серпецкий,уезд,Серпец ,NA,,956.5,68436,7965,1181,56624,2469,,,
5701,Плоцкая,Цехановский,уезд,Цеханов ,NA,,1079,71492,5822,3018,59843,2170,,,
5801,Радомская,Илжецкий,уезд,Илжа ,NA,,1583.6,110552,11513,219,97977,836,,,
5801,Радомская,Козеницкий,уезд,Козеницы ,NA,,1654.7,110670,13790,2856,90376,3598,,,
5801,Радомская,Конский,уезд,Конск ,NA,,1665.3,118921,18521,1899,98273,205,,,
5801,Радомская,Опатовский,уезд,Опатов ,NA,,1492.9,127380,20718,318,106157,167,,,
5801,Радомская,Опоченский,уезд,Опочно ,NA,,1628,100451,10116,143,88595,1589,,,
5801,Радомская,Радомский,уезд,Радом ,NA,,1780.6,146779,20927,5279,118688,1838,,,
5801,Радомская,Сандомирский,уезд,Сандомир ,NA,,1048.9,100194,16738,1861,80811,710,,,
5901,Сувалкская,Августовский,уезд,Августов ,NA,,1779,79214,9184,15063,53072,577,,,
5901,Сувалкская,Владиславовский,уезд,Владиславов ,NA,,1558.9,67295,4957,904,54391,7016,,,
5901,Сувалкская,Волковышский,уезд,Волковышки ,NA,,1115.7,76883,6628,2152,55549,12434,,,
5901,Сувалкская,Кальварийский,уезд,Кальвария ,8019701,,1167.9,70425,6526,2610,58059,2761,,,
5901,Сувалкская,Мариампольский,уезд,Мариамполь ,NA,,1913.9,114262,11744,5087,90969,6228,,,
5901,Сувалкская,Сейнский,уезд,Сейны ,NA,,1994.9,81924,9684,1292,67446,872,,,
5901,Сувалкская,Сувалкский,уезд,Сувалки ,NA,,1294,92910,10472,5946,66704,7271,,,
6001,Седлецкая,Бельский,уезд,Бела ,NA,,1311,76687,16658,29081,30340,384,,,
6001,Седлецкая,Венгровский,уезд,Венгров ,NA,,1176,72476,9145,393,61048,1878,,,
6001,Седлецкая,Влодавский,уезд,Влодава ,755474,,1900.1,98035,15489,55728,22352,4391,,,
6001,Седлецкая,Гарволинский,уезд,Гарволин ,772339,,1600.2,120736,17882,1434,99181,2167,,,
6001,Седлецкая,Константиновский,уезд,Янов ,NA,,1263,61333,8185,18742,34355,40,,,
6001,Седлецкая,Луковский,уезд,Луков ,8312649,,1656.3,102924,13665,1262,86739,1211,,,
6001,Седлецкая,Радинский,уезд,Радин ,NA,,1408.9,87731,15615,6730,64155,1079,,,
6001,Седлецкая,Седлецкий,уезд,Седлец ,3066323,,1130.9,84211,15891,6339,60507,1073,,,
6001,Седлецкая,Соколовский,уезд,Соколов ,NA,,1134.4,68013,8605,1102,57851,444,,,
6101,Бакинская,Бакинский,уезд,Баку ,587084,,3647.2,182897,2489,43706,1584,3546,,,
6101,Бакинская,Геокчайский,уезд,Геокчай ,586427,,3755.7,117705,857,747,34,18,,,
6101,Бакинская,Джеватский,уезд,Сальяны ,NA,,10116.9,90043,48,4328,75,34,,,
6101,Бакинская,Кубинский,уезд,Куба ,NA,,6284.4,183242,6988,3726,73,34,,,
6101,Бакинская,Ленкоранский,уезд,Ленкорань ,147622,,4760,130987,1252,2282,210,133,,,
6101,Бакинская,Шемахинский,уезд,Шемаха ,NA,,5846,121842,1119,1301,242,15,,,
6201,Дагестанская,Аварский,округ,Хунзах ,549105,,1323.9,37639,23,532,28,8,,,
6201,Дагестанская,Андийский,округ,Ботлих ,571888,,3152.6,49628,3,160,8,0,,,
6201,Дагестанская,Гунибский,округ,Гуниб ,557979,,3873.1,55899,36,543,103,8,,,
6201,Дагестанская,Даргинский,округ,Леваши ,NA,,1451.7,80943,23,84,30,1,,,
6201,Дагестанская,Казикумухский,округ,Кумух ,NA,,1977.6,45363,11,33,1,1,,,
6201,Дагестанская,Кайтаго-Табасаранский,округ,Маджалис ,532314,,2924.8,91021,4487,3128,661,59,,,
6201,Дагестанская,Кюринский,округ,Касум-Кент ,NA,,2603.9,77680,2672,190,7,1,,,
6201,Дагестанская,Самурский,округ,Ахты ,583794,,3274.1,35633,6,113,57,2,,,
6201,Дагестанская,Темир-Хан-Шуринский,округ,Темир-Хан-Шура ,NA,,5550.7,97348,2795,11554,1321,205,,,
6301,Елизаветпольская,Арешский,уезд,Агдаш ,NA,,2829.6,67277,37,177,8,2,,,
6301,Елизаветпольская,Джебраильский,уезд,Джебраиль,NA,,2922.6,66360,3,563,64,30,,,
6301,Елизаветпольская,Джеванширский,уезд,Тертер ,584871,,4818.4,72719,3,242,13,4,,,
6301,Елизаветпольская,Елизаветпольский,уезд,Елизаветполь ,NA,,7695.7,162788,165,4782,410,3053,,,
6301,Елизаветпольская,Зангезурский,уезд,Герюсы ,NA,,6829.7,137871,0,480,12,8,,,
6301,Елизаветпольская,Казахский,уезд,Казах ,NA,,6024.2,112074,32,1589,94,41,,,
6301,Елизаветпольская,Нухинский,уезд,Нуха ,NA,,3346.7,120555,1785,1057,101,12,,,
6301,Елизаветпольская,Шушинский,уезд,Шуша ,147105,,4315.6,138771,5,1539,166,71,,,
6401,Карсская,Ардаганский,округ,Ардаган ,NA,,4960.1,65763,117,9666,264,31,,,
6401,Карсская,Кагызманский,округ,Кагызман ,744873,,3882.4,59230,276,11049,1207,151,,,
6401,Карсская,Карсский,округ,Карс ,NA,,5188.4,134142,811,24798,2847,990,,,
6401,Карсская,Ольтинский,округ,Ольты ,NA,,2599.8,31519,0,3782,55,5,,,
6501,Кубанская,Баталпашинский,отдел,Баталпашинская ст-ца,NA,,12010,215400,540,151454,1477,2863,,,
6501,Кубанская,Ейский,отдел,Уманская ст-ца,NA,,14568.6,277300,79,270913,384,2220,,,
6501,Кубанская,Екатеринодарский,отдел,Екатеринодар,NA,,6141.3,245173,540,216986,1223,1285,,,
6501,Кубанская,Кавказский,отдел,Кавказская ст-ца,NA,,11298.9,249182,25,239584,2119,2228,,,
6501,Кубанская,Лабинский,отдел,Армавир,NA,,9317.9,305733,157,281246,671,23215,,,
6501,Кубанская,Майкопский,отдел,Майкоп,528293,,14613.6,283117,531,251366,627,686,,,
6501,Кубанская,Темрюкский,отдел,Темрюк,NA,,13266.2,342976,233,335770,1033,2244,"Temyurk was a center until 1897, later — Slavyanskaya st.",,
6601,Кутаисская,Артвинский,округ,Артвин ,NA,,3433.5,56140,0,1150,30,18,,,
6601,Кутаисская,Батумский,округ,Батум ,NA,,2675.7,88444,1165,19868,1635,365,,,
6601,Кутаисская,Зугдидский,уезд,Зугдиди ,610824,,2614.9,114869,4,114635,20,9,,,
6601,Кутаисская,Кутаисский,уезд,Кутаис ,538282,,2985.9,221665,4837,213229,1664,153,,,
6601,Кутаисская,Лечхумский,округ,Цагери ,611566,,4078.3,47779,464,47141,2,1,,,
6601,Кутаисская,Озургетский,уезд,Озургеты ,NA,,1985,90326,5,89744,83,17,,,
6601,Кутаисская,Рачинский,уезд,Они ,NA,,2494.9,60421,640,59582,9,0,,,
6601,Кутаисская,Сенакский,уезд,Сенаки ,612053,,1520,115785,904,113705,336,140,,,
6601,Кутаисская,Сухумский,округ,Сухум ,611847,,7575.4,106179,162,87064,337,954,,,
6601,Кутаисская,Шорапанский,уезд,Квирилы ,NA,,2687.4,156633,678,154812,144,18,,,
6701,Ставропольская,Александровский,уезд,Александровское ,NA,,10286.2,180506,25,171074,117,1514,,,
6701,Ставропольская,Медвеженский,уезд,Медвежье ,NA,,6305.9,232929,58,226828,106,1975,,,
6701,Ставропольская,Новогригорьевский,уезд,Благодарное ,NA,,10767.7,246644,92,235164,90,2134,cancelled in 1900,,
6701,Ставропольская,Ставропольский,уезд,Ставрополь ,NA,,6756.4,165442,1236,156981,1171,2018,,,
6701,Ставропольская,Территория кочующих народов,территория,,NA,,18676.9,47780,14,4843,547,202,,,
6801,Терская,Владикавказский,округ,Владикавказ,473249,,4999.7,134947,1242,101752,2057,1641,,,
6801,Терская,Грозненский,округ,Грозный,NA,,11442.4,226035,1860,14295,1093,252,,,
6801,Терская,Кизлярский,округ,Кизляр,NA,,16691.9,102395,108,40073,200,117,created in 1888,,
6801,Терская,Нальчикский,округ,Нальчик сл.,NA,,10113.3,102908,1102,12102,70,971,,,
6801,Терская,Пятигорский,округ,Пятигорск,NA,,10671.2,181481,480,149391,1709,5520,,,
6801,Терская,Сунженский,округ,Сунженская ст-ца,NA,,6273.7,115370,37,46470,180,726,created in 1888,,
6801,Терская,Хасавюртовский,округ,Хасав-Юрт,NA,,4676.7,70800,1747,4579,336,130,,,
6901,Тифлисская,Ахалкалакский,уезд,Ахалкалаки ,NA,,2368.6,72709,215,5811,264,40,,,
6901,Тифлисская,Ахалцихский,уезд,Ахалцих ,NA,,2259.6,68837,1752,8723,1524,92,,,
6901,Тифлисская,Борчалинский,уезд,Шулаверы ,NA,,5938.5,128587,195,35405,578,2433,,,
6901,Тифлисская,Горийский,уезд,Гори ,NA,,6033.9,191091,3216,164861,438,200,,,
6901,Тифлисская,Душетский,уезд,Душет ,NA,,3437.9,67719,61,63606,65,14,,,
6901,Тифлисская,Сигнахский,уезд,Сигнах ,147144,,4620,102313,122,85447,322,55,,,
6901,Тифлисская,Телавский,уезд,Телав ,NA,,2974.5,66767,36,53330,44,32,,,
6901,Тифлисская,Тионетский,уезд,Тионети ,NA,,4256.3,34153,14,30730,1,1,,,
6901,Тифлисская,Тифлисский,уезд,Тифлис ,NA,,3688.4,234632,4082,132302,8180,5602,,,
7001,Черноморская,Новороссийский,округ,Новороссийск ,NA,,1081,34908,998,27621,1566,547,,,
7001,Черноморская,Сочинский,округ,Сочи ,NA,,3935,13519,14,6673,326,69,,,
7001,Черноморская,Туапсинский,округ,Туапсе ,NA,,1439,9051,14,5341,86,705,,,
7101,Эриванская,Александропольский,уезд,Александрополь ,NA,,3303.7,165503,478,7202,1686,337,,,
7101,Эриванская,Нахичеванский,уезд,Нахичевань ,NA,,3858.8,100771,36,881,171,6,,,
7101,Эриванская,Новобаязетский,уезд,Ново-Баязет ,NA,,4156.8,122573,74,349,19,5,,,
7101,Эриванская,Сурмалинский,уезд,Игдыр ,NA,,3241,89055,6,1505,31,13,,,
7101,Эриванская,Шаруро-Даралагезский,уезд,Баш-Норашен ,NA,,2611.8,76538,7,119,21,1,,,
7101,Эриванская,Эриванский,уезд,Эривань ,NA,,2664.2,150879,401,5732,324,71,,,
7101,Эриванская,Эчмиадзинский,уезд,Вагаршапат ,616062,,3390.1,124237,30,610,8,249,,,
7201,Амурская,Амурская,губерния,—,NA,,396976.4,120306,392,91621,423,205,,,
7301,Енисейская,Ачинский,округ,Ачинск ,NA,,51071,111466,1175,107298,923,273,,,
7301,Енисейская,Енисейский,округ,Енисейск ,1485997,,384303.7,67536,783,64896,488,97,,,
7301,Енисейская,Канский,округ,Канск ,NA,,70962.7,96202,1358,90699,1576,54,,,
7301,Енисейская,Красноярский,округ,Красноярск ,NA,,19024,99156,1515,94036,2094,122,,,
7301,Енисейская,Минусинский,округ,Минусинск ,1498693,,79571.9,182733,1332,167122,1243,3871,,,
7301,Енисейская,Туруханский,край,Туруханск ,1488903,,1609824.2,10959,4,9397,6,1,,,
7301,Енисейская,Усинский,округ,Усинск,NA,,19172,2109,0,1123,12,16,,,
7401,Забайкальская,Акшинский,округ,Акша ,NA,,29827,34884,12,31320,59,4,,,
7401,Забайкальская,Баргузинский,округ,Баргузин ,NA,,148510,25474,1187,12750,34,11,,,
7401,Забайкальская,Верхнеудинский,округ,Верхнеудинск ,2014407,,95155,167876,2127,80362,306,121,,,
7401,Забайкальская,Нерчинский,округ,Нерчинск ,2019326,,40329,94334,1540,90354,296,73,,,
7401,Забайкальская,Нерчинско-Заводский,округ,Нерчинско-Заводское,2019323,,100690,75737,239,74270,298,51,,,
7401,Забайкальская,Селенгинский,округ,Селенгинск ,2017059,,46460,102158,899,42852,123,25,,,
7401,Забайкальская,Троицкосавский,округ,Троицкосавск ,NA,,18595,32807,4,22091,58,28,,,
7401,Забайкальская,Читинский,округ,Чита ,NA,,59324,138767,1965,89010,695,353,,,
7501,Иркутская,Балаганский,округ,Балаганск ,NA,,37315.1,145691,1011,117401,861,181,,,
7501,Иркутская,Верхоленский,округ,Верхоленск ,NA,,65667.3,69103,724,45938,271,11,,,
7501,Иркутская,Иркутский,округ,Иркутск ,2023469,,68594,163099,4569,134696,1696,421,,,
7501,Иркутская,Киренский,округ,Киренск ,2022083,,359798.2,55456,920,53608,290,22,,,
7501,Иркутская,Нижнеудинский,округ,Нижнеудинск ,1497549,,106823.6,80918,709,76658,1106,189,,,
7601,Приморская,Анадырская,округа,Ново-Мариинское,NA,,458476.6,12084,0,1356,0,0,,,
7601,Приморская,Гижигинская,округа,Гижиг,NA,,185347.7,7492,0,3846,0,0,,,
7601,Приморская,Командорская,округа,Никольск,NA,,1524,651,0,645,0,0,,,
7601,Приморская,Охотская,округа,Охотск,NA,,138365.4,4732,0,4725,2,0,,,
7601,Приморская,Петропавловская,округа,Пертопавловск,NA,,339697.1,8365,0,7390,0,0,,,
7601,Приморская,Удская,округа,Николаевск,NA,,88902.6,18232,273,11956,258,72,,,
7601,Приморская,Южно-Уссурийский,округ,Владивосток,NA,,167874.6,124830,1172,76529,2780,679,,,
7601,Приморская,Уссурийский,округ,Каменный Рыболов,NA,,72482,19662,9,13881,193,36,,,
7601,Приморская,Хабаровская,округа,Хабаровск,NA,,186084.6,27288,136,19591,433,119,,,
7701,Сахалинский,Александровский,округ,Александровск-Сахалинский,2127282,,27953.9,11199,56,7859,759,238,,,
7701,Сахалинский,Корсаковский,округ,Корсаковский пост,NA,,12192.3,8555,11,5445,511,143,,,
7701,Сахалинский,Тымовский,округ,Рыковское,NA,,26635.8,8359,49,6230,569,121,,,
7801,Тобольская,Берёзовский,округ,Берёзов ,NA,,604442.2,21411,29,16868,10,2,,,
7801,Тобольская,Ишимский,округ,Ишим ,NA,,37604.6,269031,150,253907,1413,162,,,
7801,Тобольская,Курганский,округ,Курган ,NA,,20281.6,260095,82,241589,534,56,,,
7801,Тобольская,Сургутский,округ,Сургут ,NA,,220452.4,7747,0,7717,7,0,,,
7801,Тобольская,Тарский,округ,Тара ,NA,,71542.1,159655,176,141257,1199,696,,,
7801,Тобольская,Тобольский,округ,Тобольск ,1489530,,108296,127860,1270,102951,694,185,,,
7801,Тобольская,Туринский,округ,Туринск ,1488933,,67008.6,68719,3,68399,161,62,,,
7801,Тобольская,Тюкалинский,округ,Тюкалинск ,1488780,,55049.3,208718,362,191018,2359,4719,,,
7801,Тобольская,Тюменский,округ,Тюмень ,NA,,15608,121357,272,104406,623,205,,,
7801,Тобольская,Ялуторовский,округ,Ялуторовск ,1486468,,18944.9,188450,119,146898,341,32,,,
7901,Томская,Барнаульский,округ,Барнаул ,NA,,106689.4,584100,204,548130,308,230,,,
7901,Томская,Бийский,округ,Бийск ,1510018,,108656.3,337007,39,284873,183,48,,,
7901,Томская,Змеиногорский,округ,Змеиногорск ,1485042,,60600,242718,3,201429,137,85,,,
7901,Томская,Каинский,округ,Каинск ,NA,,67518.3,187147,2276,166477,3594,408,,,
7901,Томская,Кузнецкий,округ,Кузнецк ,NA,,81634.2,161799,26,154635,145,76,,,
7901,Томская,Мариинский,округ,Мариинск ,NA,,71442.1,137773,1668,129007,1406,99,,,
7901,Томская,Томский,округ,Томск ,1489425,,248036.4,277135,3683,258900,3179,999,,,
8001,Якутская,Верхоянский,округ,Верхоянск ,2013465,,935600,14259,13,14217,2,2,,,
8001,Якутская,Вилюйский,округ,Вилюйск ,2013392,,874210,67942,22,67821,8,1,,,
8001,Якутская,Колымский,округ,Средне-Колымск ,NA,,603390,7885,8,6928,1,0,,,
8001,Якутская,Олёкминский,округ,Олёкминск ,2018571,,334880,36227,232,33634,337,134,,,
8001,Якутская,Якутский,округ,Якутск ,2013159,,720720,143567,439,141965,103,75,,,
8101,Акмолинская,Акмолинский,уезд,Акмолинск ,NA,,108390,185058,193,14311,25,1665,,,
8101,Акмолинская,Атбасарский,уезд,Атбасар ,1526038,,219420,86413,2,11099,43,24,,,
8101,Акмолинская,Кокчетавский,уезд,Кокчетав ,1522203,,69290,155461,4,73586,229,10,,,
8101,Акмолинская,Омский,уезд,Омск ,1496153,,37170,100539,1147,55063,1214,3407,,,
8101,Акмолинская,Петропавловский,уезд,Петропавловск ,NA,,63590,155137,309,78342,229,39,,,
8201,Закаспийская,Асхабадский,уезд,Асхабад ,NA,,86746,92205,351,14318,2167,446,,,
8201,Закаспийская,Красноводский,уезд,Красноводск ,NA,,110000,53768,97,5945,341,122,,,
8201,Закаспийская,Мангышлакский,уезд,Александровский форт ,NA,,190200,68555,13,1799,61,1,,,
8201,Закаспийская,Мервский,уезд,Мерв ,NA,,110795,119255,393,7080,1499,180,,,
8201,Закаспийская,Тедженский,уезд,Серахс ,NA,,33997,48704,136,3713,699,306,,,
8301,Самаркандская,Джизакский,уезд,Джизак ,1513886,,25812,222683,15,1155,101,16,,,
8301,Самаркандская,Катта-Курганский,уезд,Катта-Курган ,NA,,6997.6,110006,60,1100,225,56,,,
8301,Самаркандская,Самаркандский,уезд,Самарканд ,NA,,7751.3,342197,4334,9252,1195,330,,,
8301,Самаркандская,Ходжентский,уезд,Ходжент ,1527941,,20036.7,185135,85,2293,143,31,,,
8401,Семипалатинская,Зайсанский,уезд,Зайсан ,1517059,,34960,95072,14,5284,14,5,,,
8401,Семипалатинская,Каркаралинский,уезд,Каркаралы ,NA,,186370,171655,0,1355,11,5,,,
8401,Семипалатинская,Павлодарский,уезд,Павлодар ,NA,,98130,157487,57,13559,38,15,,,
8401,Семипалатинская,Семипалатинский,уезд,Семипалатинск ,1519422,,69880,156801,189,27066,112,51,,,
8401,Семипалатинская,Усть-Каменогорский,уезд,Усть-Каменогорск ,1520316,,55970,103575,48,20356,69,15,,,
8501,Семиреченская,Верненский,уезд,Верный ,NA,,58330,223883,173,36121,143,37,,,
8501,Семиреченская,Джаркентский[2],уезд,Джаркент ,NA,,5160,122636,38,5817,22,6,,,
8501,Семиреченская,Копальский,уезд,Копал ,NA,,69100,136421,37,8674,10,2,,,
8501,Семиреченская,Лепсинский,уезд,Лепсинск ,NA,,87080,180829,49,22436,14,5,,,
8501,Семиреченская,Пишпекский,уезд,Пишпек ,NA,,80480,176577,9,12329,10,4,,,
8501,Семиреченская,Пржевальский,уезд,Пржевальск ,1528121,,47760,147517,4,11364,27,4,,,
8601,Сыр-Дарьинская,Аулиеатинский,уезд,Аулие-Ата ,NA,,65420,276169,43,10524,72,124,,,
8601,Сыр-Дарьинская,Казалинский,уезд,Казалинск ,NA,,59800,140541,133,1638,77,23,,,
8601,Сыр-Дарьинская,Перовский,уезд,Перовск ,1519922,,65840,133663,155,1177,56,16,,,
8601,Сыр-Дарьинская,Ташкентский,уезд,Ташкент ,NA,,38870,448493,1744,20366,2218,952,,,
8601,Сыр-Дарьинская,Чимкентский,уезд,Чимкент ,NA,,124950,285059,700,6476,124,5,,,
8601,Сыр-Дарьинская,Амударьинский,отдел,Петро-Александровск ,NA,,97960,194473,91,2085,309,62,,,
8701,Тургайская,Актюбинский,уезд,Актюбинск ,NA,,50360,115215,0,4415,32,32,,,
8701,Тургайская,Иргизский,уезд,Иргиз ,NA,,128660,98697,10,939,38,38,,,
8701,Тургайская,Кустанайский,уезд,Кустанай ,NA,,72740,152556,4,31277,32,32,,,
8701,Тургайская,Тургайский,уезд,Тургай ,NA,,148020,86948,44,562,19,19,,,
8801,Уральская,Гурьевский,уезд,Гурьев ,796337,,58243.1,86758,19,12999,25,9,,,
8801,Уральская,Калмыковский,уезд,Калмыков,NA,Лбищенский,62017.6,169673,9,16994,31,2,From 1899 — Lbishchetsky,,
8801,Уральская,Темирский,уезд,Темир ,NA,,117836,95071,10,804,11,0,,,
8801,Уральская,Уральский,уезд,Уральск ,NA,,46315.1,293619,181,76790,210,155,,,
8901,Ферганская,Андижанский,уезд,Андижан ,NA,,13333.2,360267,725,1125,199,49,,,
8901,Ферганская,Кокандский,уезд,Коканд ,1512979,,13212.6,364658,1035,1684,238,74,,,
8901,Ферганская,Маргеланский,уезд,Новый Маргелан ,NA,Скобелевский,14069.1,321860,854,4735,761,158,From 1907 — Skobelevsky,,
8901,Ферганская,Наманганский,уезд,Наманган ,1513157,,15273.4,363789,121,1038,199,43,,,
8901,Ферганская,Ошский,уезд,Ош ,NA,,65252.7,161640,47,1387,193,46,with Pamir,,
9001,Закатальский,Закатальский,округ,Закатальский,584596,,3544.3,84224,17,4606,128,9,,,
9101,Або-Бьёрнеборгская,Аландский,уезд,Мариегамн,NA,Alands-hãrad,,,,,,,,,
9101,Або-Бьёрнеборгская,Вемоский,уезд,,NA,Вехмоский; Wehmo-hãrad,,,,,,,,,
9101,Або-Бьёрнеборгская,Вирмоский,уезд,,NA,Wirmo-hãrad,,,,,,,,,
9101,Або-Бьёрнеборгская,Галиккокский,уезд,,NA,Halikko-hãrad,,,,,,,,,
9101,Або-Бьёрнеборгская,Икалисский,уезд,Икалис,NA,Верхне-Сатакунта Верхний; Ikalis-hãrad,,,,,,,,,
9101,Або-Бьёрнеборгская,Лоймииокский,уезд,,NA,Loimijoki-hãrad,,,,,,,,,
9101,Або-Бьёрнеборгская,Маскуский,уезд,,NA,Maskn-hãrad,,,,,,,,,
9101,Або-Бьёрнеборгская,Пикисский,уезд,,NA,Pükkis-hãrad,,,,,,,,,
9101,Або-Бьёрнеборгская,Тюрвисский,уезд,Тюрвис,NA,Верхне-Сатакунта Средний; Ulfsby-hãrad,,,,,,,,,
9101,Або-Бьёрнеборгская,Ульфсбюский,уезд,,NA,,,,,,,,,,
9201,Вазаская,Ильмолаский,уезд,,NA,Ilmola-hãrad,,,,,,,,,
9201,Вазаская,Корсхольмский,уезд,,NA,Korscholm-hãrad,,,,,,,,,
9201,Вазаская,Куортанеский,уезд,Куортане,NA,Kuortane-hãrad,,,,,,,,,
9201,Вазаская,Лаппоский,уезд,,NA,Lappo-hãrad,,,,,,,,,
9201,Вазаская,Лаукасский,уезд,,NA,Laukkas-hãrad,,,,,,,,,
9201,Вазаская,Педерсэреский,уезд,,NA,Pedersöre-hãrad,,,,,,,,,
9301,Выборгская,Кексгольмский,уезд,Кексгольм,NA,Kexholm-hãrad,,,,,,,,,
9301,Выборгская,Кроноборгский,уезд,Кроноборг,NA,Kronoborg-hãrad,,,,,,,,,
9301,Выборгская,Кюменский,уезд,,NA,Kymmene-hãrad,,,,,,,,,
9301,Выборгская,Лаппвесиский,уезд,,NA,Lappvesi-hãrad,,,,,,,,,
9301,Выборгская,Салмисский,уезд,,NA,Salmis-hãrad,,,,,,,,,
9301,Выборгская,Сердобольский,уезд,Сердоболь,NA,Sordavala-hãrad,,,,,,,,,
9301,Выборгская,Страндаский,уезд,,NA,Stranda-hãrad,,,,,,,,,
9301,Выборгская,Эуряпясский,уезд,,NA,Ayr ãpãã-hãrad,,,,,,,,,
9301,Выборгская,Яскисский,уезд,Яскис,NA,Jããskis-hãrad,,,,,,,,,
9401,Куопиоская,Иломантский,уезд,Иломанц,NA,Ilomants-hãrad,,,,,,,Ilomantsi; Иломантси,,
9401,Куопиоская,Исальмиский,уезд,Исальми,NA,Idensalmi-hãrad,,,,,,,,,
9401,Куопиоская,Куопиоский,уезд,Куопио,NA,Kuopio-hãrad,,,,,,,,,
9401,Куопиоская,Либегицкий,уезд,,NA,Libelits härad,,,,,,,Joensuu,,
9401,Куопиоская,Пиелисьярвиский,уезд,Пиелись-ярви,NA,Pielisj ãrvi-hãrad,,,,,,,Pielisjärvi,,
9401,Куопиоская,Рауталампиский,уезд,Рауталампи,NA,Rautalampi-hãrad,,,,,,,Rautalampi; Рауталампи,,
9501,Нюландская,Гельсингсский,уезд,Гельсингфорс,NA,Helsinge härad,,,,,,,,,
9501,Нюландская,Лоиоский,уезд,Лохья,NA,Lojo härad; Расеборг восточный; Raasporin itainen,,,,,,,,,
9501,Нюландская,Перноский,уезд,Лобиза,NA,Pernå härad,,,,,,,,,
9501,Нюландская,Разеборгский,уезд,Экнес,NA,Raseborgs härad; Расеборг западный; Rааsporin läntinen,,,,,,,Ekenäs,,
9601,Санкт-Михельская,Хейноласский,уезд,Хейнола,NA,Heinola-hãrad; Гейнолаский,,,,,,,,,
9601,Санкт-Михельская,Иоккасский,уезд,Иоккас,NA,Iockas-hãrad,,,,,,,,,
9601,Санкт-Михельская,Рантасальмисский,уезд,,NA,Rantasalmi-hãrad,,,,,,,,,
9601,Санкт-Михельская,Санкт-Михельский,уезд,Санкт-Михель,NA,St. Michels-hãrad,,,,,,,,,
9701,Тавастгусская,Биркалаский,уезд,,NA,Birkkala-hãrad,,,,,,,,,
9701,Тавастгусская,Хаугоский,уезд,,NA,Hanho-hãrad; Гаугоский,,,,,,,,,
9701,Тавастгусская,Холлолаский,уезд,Холлола,NA,Hollola-hãrad; Голлолаский,,,,,,,,,
9701,Тавастгусская,Руовесиский,уезд,Руовеси,NA,Ruovesi-hãrad,,,,,,,,,
9701,Тавастгусская,Таммелаский,уезд,Таммела,NA,Tammela-hãrad,,,,,,,,,
9701,Тавастгусская,Ямсиский,уезд,Ямся,NA,Jãmsã-hãrad,,,,,,,,,
9801,Улеаборгская,Гапавесиский,уезд,Хаапаярви,NA,Haapavesi-hãrad,,,,,,,,,
9801,Улеаборгская,Каянаский,уезд,Каяна,NA,Хаапаяриский; Хаапа-иервиcкий; Kajana-hãrad,,,,,,,,,
9801,Улеаборгская,Кемиский,уезд,,NA,Kemi-hãrad,,,,,,,,,
9801,Улеаборгская,Лапмаркский,уезд,,NA,Лампаркенский; Lappmarkens-härad,,,,,,,,,
9801,Улеаборгская,Салоский,уезд,,NA,Salo-hãrad,,,,,,,,,
9801,Улеаборгская,Улеоский,уезд,Улеаборг,NA,Uleå-hãrad,,,,,,,,,
